rectangle_coordinates,buildings_num,district_num
"[[34.9565810583157, -15.012816725303706], [34.9658922750177, -15.012816725303706], [34.9658922750177, -15.021809941362894], [34.9565810583157, -15.021809941362894]]",425,balaka_1
"[[35.20646144203755, -14.841205058637106], [35.21576522462905, -14.841205058637106], [35.21576522462905, -14.850198274696295], [35.20646144203755, -14.850198274696295]]",200,balaka_2
"[[35.10757799530287, -14.846473391970406], [35.116882004697125, -14.846473391970406], [35.116882004697125, -14.855466608029595], [35.10757799530287, -14.855466608029595]]",193,balaka_3
"[[35.19599983020106, -14.992683391970406], [35.205310169798935, -14.992683391970406], [35.205310169798935, -15.001676608029594], [35.19599983020106, -15.001676608029594]]",391,balaka_4
"[[34.931445723786844, -15.104308391970406], [34.940760942879756, -15.104308391970406], [34.940760942879756, -15.113301608029595], [34.931445723786844, -15.113301608029595]]",357,balaka_5
"[[35.113543907383566, -14.958465058637106], [35.12285275928303, -14.958465058637106], [35.12285275928303, -14.967458274696295], [35.113543907383566, -14.967458274696295]]",126,balaka_6
"[[34.954403084504634, -15.521845058637105], [34.96373691549536, -15.521845058637105], [34.96373691549536, -15.530838274696293], [34.954403084504634, -15.530838274696293]]",191,blantyre_1
"[[35.00425437750339, -15.684696725303706], [35.0135956224966, -15.684696725303706], [35.0135956224966, -15.693689941362894], [35.00425437750339, -15.693689941362894]]",1205,blantyre_2
"[[34.883601461965085, -15.883396725303706], [34.89295187136831, -15.883396725303706], [34.89295187136831, -15.892389941362895], [34.883601461965085, -15.892389941362895]]",221,blantyre_3
"[[34.92864721674254, -15.922605058637105], [34.93799944992406, -15.922605058637105], [34.93799944992406, -15.931598274696293], [34.92864721674254, -15.931598274696293]]",315,blantyre_4
"[[34.85063268774804, -15.685705058637106], [34.85997397891857, -15.685705058637106], [34.85997397891857, -15.694698274696295], [34.85063268774804, -15.694698274696295]]",356,blantyre_5
"[[34.875650578315906, -15.632153391970405], [34.88498942168409, -15.632153391970405], [34.88498942168409, -15.641146608029594], [34.875650578315906, -15.641146608029594]]",126,blantyre_6
"[[35.042453469834086, -15.724281725303706], [35.051796530165916, -15.724281725303706], [35.051796530165916, -15.733274941362895], [35.042453469834086, -15.733274941362895]]",1735,blantyre_city_1
"[[35.0061113990145, -15.814175058637106], [35.0154586009855, -15.814175058637106], [35.0154586009855, -15.823168274696295], [35.0061113990145, -15.823168274696295]]",3030,blantyre_city_2
"[[35.07216087251164, -15.836938391970406], [35.08150912748837, -15.836938391970406], [35.08150912748837, -15.845931608029595], [35.07216087251164, -15.845931608029595]]",3977,blantyre_city_3
"[[35.06605797538311, -15.818081725303706], [35.075405357950295, -15.818081725303706], [35.075405357950295, -15.827074941362895], [35.06605797538311, -15.827074941362895]]",1797,blantyre_city_4
"[[34.99710592000063, -15.834886725303706], [35.006454079999365, -15.834886725303706], [35.006454079999365, -15.843879941362895], [34.99710592000063, -15.843879941362895]]",2792,blantyre_city_5
"[[35.03961766050277, -15.759483391970406], [35.04896233949722, -15.759483391970406], [35.04896233949722, -15.768476608029594], [35.03961766050277, -15.768476608029594]]",1016,blantyre_city_6
"[[35.06995427441026, -15.761775058637106], [35.07929905892315, -15.761775058637106], [35.07929905892315, -15.770768274696294], [35.06995427441026, -15.770768274696294]]",3619,blantyre_city_7
"[[35.06040806118967, -15.742066725303706], [35.069751938810334, -15.742066725303706], [35.069751938810334, -15.751059941362895], [35.06040806118967, -15.751059941362895]]",678,blantyre_city_8
"[[35.06769063666108, -15.847123391970406], [35.07703936333892, -15.847123391970406], [35.07703936333892, -15.856116608029595], [35.06769063666108, -15.856116608029595]]",1999,blantyre_city_9
"[[35.044395765162996, -15.769413391970406], [35.05374090150361, -15.769413391970406], [35.05374090150361, -15.778406608029595], [35.044395765162996, -15.778406608029595]]",5298,blantyre_city_10
"[[35.044455991317484, -15.831805058637105], [35.05380400868251, -15.831805058637105], [35.05380400868251, -15.840798274696294], [35.044455991317484, -15.840798274696294]]",3774,blantyre_city_11
"[[35.008304226171155, -15.763870058637107], [35.01764910716225, -15.763870058637107], [35.01764910716225, -15.772863274696295], [35.008304226171155, -15.772863274696295]]",3023,blantyre_city_12
"[[35.073179688615, -15.743773391970405], [35.08252364471841, -15.743773391970405], [35.08252364471841, -15.752766608029594], [35.073179688615, -15.752766608029594]]",2121,blantyre_city_13
"[[35.0081776234763, -15.761091725303706], [35.0175223765237, -15.761091725303706], [35.0175223765237, -15.770084941362894], [35.0081776234763, -15.770084941362894]]",3822,blantyre_city_14
"[[34.99651692189334, -15.718965061970406], [35.00585973810666, -15.718965061970406], [35.00585973810666, -15.727958278029595], [34.99651692189334, -15.727958278029595]]",1213,blantyre_city_15
"[[34.97152085756528, -15.765401725303706], [34.98086580910132, -15.765401725303706], [34.98086580910132, -15.774394941362894], [34.97152085756528, -15.774394941362894]]",1535,blantyre_city_16
"[[34.82918603601269, -15.829873391970406], [34.83853396398731, -15.829873391970406], [34.83853396398731, -15.838866608029594], [34.82918603601269, -15.838866608029594]]",583,chikwawa_1
"[[34.93224585732117, -16.122671725303707], [34.94160747601223, -16.122671725303707], [34.94160747601223, -16.131664941362896], [34.93224585732117, -16.131664941362896]]",428,chikwawa_2
"[[35.02965495811958, -16.230880058637105], [35.039021708547025, -16.230880058637105], [35.039021708547025, -16.239873274696293], [35.02965495811958, -16.239873274696293]]",255,chikwawa_3
"[[34.85565425211571, -16.399583391970406], [34.865029081217685, -16.399583391970406], [34.865029081217685, -16.408576608029595], [34.85565425211571, -16.408576608029595]]",1729,chikwawa_4
"[[34.890124229273255, -16.538263391970407], [34.89950577072675, -16.538263391970407], [34.89950577072675, -16.547256608029596], [34.890124229273255, -16.547256608029596]]",525,chikwawa_5
"[[34.67687704103934, -16.143101725303705], [34.68623962562726, -16.143101725303705], [34.68623962562726, -16.152094941362893], [34.67687704103934, -16.152094941362893]]",463,chikwawa_6
"[[34.86906882914101, -15.996303391970407], [34.87842450419239, -15.996303391970407], [34.87842450419239, -16.005296608029596], [34.86906882914101, -16.005296608029596]]",207,chikwawa_7
"[[34.30714488102636, -15.879705058637105], [34.316495118973634, -15.879705058637105], [34.316495118973634, -15.888698274696294], [34.30714488102636, -15.888698274696294]]",104,chikwawa_8
"[[34.88579196310419, -16.286578391970405], [34.89516137022921, -16.286578391970405], [34.89516137022921, -16.295571608029594], [34.88579196310419, -16.295571608029594]]",182,chikwawa_9
"[[34.80503352526423, -16.498621725303707], [34.814413141402376, -16.498621725303707], [34.814413141402376, -16.507614941362895], [34.80503352526423, -16.507614941362895]]",187,chikwawa_10
"[[34.85289258429952, -16.260558391970406], [34.86226074903389, -16.260558391970406], [34.86226074903389, -16.269551608029595], [34.85289258429952, -16.269551608029595]]",1309,chikwawa_11
"[[34.86733587072059, -16.262525058637106], [34.87670412927941, -16.262525058637106], [34.87670412927941, -16.271518274696295], [34.86733587072059, -16.271518274696295]]",2259,chikwawa_12
"[[35.307176466762726, -15.954770058637106], [35.31653019990388, -15.954770058637106], [35.31653019990388, -15.963763274696294], [35.307176466762726, -15.963763274696294]]",167,chiradzulu_1
"[[35.26846324369165, -15.878441725303706], [35.27781342297495, -15.878441725303706], [35.27781342297495, -15.887434941362894], [35.26846324369165, -15.887434941362894]]",201,chiradzulu_2
"[[35.1923073767619, -15.626375058637105], [35.2016459565715, -15.626375058637105], [35.2016459565715, -15.635368274696294], [35.1923073767619, -15.635368274696294]]",270,chiradzulu_3
"[[35.26668822749058, -15.734831725303705], [35.27603177250942, -15.734831725303705], [35.27603177250942, -15.743824941362893], [35.26668822749058, -15.743824941362893]]",311,chiradzulu_4
"[[33.32463542577576, -9.652386725303735], [33.33375790755763, -9.652386725303735], [33.33375790755763, -9.661379941362924], [33.32463542577576, -9.661379941362924]]",81,chitipa_1
"[[33.23200745014022, -9.501713391970405], [33.24112588319317, -9.501713391970405], [33.24112588319317, -9.510706608029594], [33.23200745014022, -9.510706608029594]]",176,chitipa_2
"[[33.36597196739436, -9.661613391970405], [33.37509469927224, -9.661613391970405], [33.37509469927224, -9.670606608029594], [33.36597196739436, -9.670606608029594]]",234,chitipa_3
"[[33.23295485236726, -9.694620058637076], [33.24207848096614, -9.694620058637076], [33.24207848096614, -9.703613274696265], [33.23295485236726, -9.703613274696265]]",106,chitipa_4
"[[34.51245151361897, -14.121533391970406], [34.521725153047626, -14.121533391970406], [34.521725153047626, -14.130526608029594], [34.51245151361897, -14.130526608029594]]",200,dedza_1
"[[34.303217593684856, -14.392950058637105], [34.31250240631514, -14.392950058637105], [34.31250240631514, -14.401943274696293], [34.303217593684856, -14.401943274696293]]",685,dedza_2
"[[34.0677683842029, -14.193153391970405], [34.0770449491305, -14.193153391970405], [34.0770449491305, -14.202146608029594], [34.0677683842029, -14.202146608029594]]",350,dedza_3
"[[34.18645415900148, -14.317475058637106], [34.195735840998516, -14.317475058637106], [34.195735840998516, -14.326468274696294], [34.18645415900148, -14.326468274696294]]",199,dedza_4
"[[34.02906602067084, -14.388446725303705], [34.03835064599576, -14.388446725303705], [34.03835064599576, -14.397439941362894], [34.02906602067084, -14.397439941362894]]",288,dedza_5
"[[34.15634568868632, -14.161973391970406], [34.165620977980275, -14.161973391970406], [34.165620977980275, -14.170966608029595], [34.15634568868632, -14.170966608029595]]",416,dedza_6
"[[34.1579876246834, -14.311073391970405], [34.167269041983204, -14.311073391970405], [34.167269041983204, -14.320066608029594], [34.1579876246834, -14.320066608029594]]",378,dedza_7
"[[33.948451117258244, -14.303366725303706], [33.95773221607516, -14.303366725303706], [33.95773221607516, -14.312359941362894], [33.948451117258244, -14.312359941362894]]",571,dedza_8
"[[34.32374577681568, -14.239003391970405], [34.33302422318432, -14.239003391970405], [34.33302422318432, -14.247996608029593], [34.32374577681568, -14.247996608029593]]",888,dedza_9
"[[34.169847616106225, -14.067286725303706], [34.179119050560374, -14.067286725303706], [34.179119050560374, -14.076279941362895], [34.169847616106225, -14.076279941362895]]",103,dedza_10
"[[33.86250650394533, -14.365183391970406], [33.87179016272126, -14.365183391970406], [33.87179016272126, -14.374176608029595], [33.86250650394533, -14.374176608029595]]",635,dedza_11
"[[34.1744319682827, -14.099190058637106], [34.1837046983839, -14.099190058637106], [34.1837046983839, -14.108183274696295], [34.1744319682827, -14.108183274696295]]",266,dedza_12
"[[34.57237828987729, -14.278850058637106], [34.581658376789306, -14.278850058637106], [34.581658376789306, -14.287843274696295], [34.57237828987729, -14.287843274696295]]",737,dedza_13
"[[34.38839177682792, -14.108603391970405], [34.39766488983867, -14.108603391970405], [34.39766488983867, -14.117596608029594], [34.38839177682792, -14.117596608029594]]",529,dedza_14
"[[33.69041766053238, -14.469638391970406], [33.699705672801024, -14.469638391970406], [33.699705672801024, -14.478631608029595], [33.69041766053238, -14.478631608029595]]",262,dedza_15
"[[33.67273634254617, -13.371578391970406], [33.68198032412043, -13.371578391970406], [33.68198032412043, -13.380571608029594], [33.67273634254617, -13.380571608029594]]",361,dowa_1
"[[33.84415877709302, -13.759800058637106], [33.853417889573585, -13.759800058637106], [33.853417889573585, -13.768793274696295], [33.84415877709302, -13.768793274696295]]",443,dowa_2
"[[33.76297909601635, -13.488136725303706], [33.772227570650244, -13.488136725303706], [33.772227570650244, -13.497129941362894], [33.76297909601635, -13.497129941362894]]",540,dowa_3
"[[33.68474453047741, -13.636931725303706], [33.693998802855994, -13.636931725303706], [33.693998802855994, -13.645924941362894], [33.68474453047741, -13.645924941362894]]",317,dowa_4
"[[33.921095904330755, -13.480820058637105], [33.93034409566924, -13.480820058637105], [33.93034409566924, -13.489813274696294], [33.921095904330755, -13.489813274696294]]",499,dowa_5
"[[33.657734815596925, -13.277045058637105], [33.66697518440307, -13.277045058637105], [33.66697518440307, -13.286038274696294], [33.657734815596925, -13.286038274696294]]",217,dowa_6
"[[33.61681220820711, -13.238846725303706], [33.626051125126295, -13.238846725303706], [33.626051125126295, -13.247839941362894], [33.61681220820711, -13.247839941362894]]",222,dowa_7
"[[33.78844944470931, -13.726025058637106], [33.79770722195729, -13.726025058637106], [33.79770722195729, -13.735018274696294], [33.78844944470931, -13.735018274696294]]",250,dowa_8
"[[33.76803404527457, -13.404408391970406], [33.77727928805883, -13.404408391970406], [33.77727928805883, -13.413401608029595], [33.76803404527457, -13.413401608029595]]",284,dowa_9
"[[34.22472631619136, -13.715645058637106], [34.23398368380864, -13.715645058637106], [34.23398368380864, -13.724638274696295], [34.22472631619136, -13.724638274696295]]",305,dowa_10
"[[33.96298695873091, -13.512586721970406], [33.972236381269084, -13.512586721970406], [33.972236381269084, -13.521579938029594], [33.96298695873091, -13.521579938029594]]",369,dowa_11
"[[33.96228055346799, -13.669730058637105], [33.97153611319861, -13.669730058637105], [33.97153611319861, -13.678723274696294], [33.96228055346799, -13.678723274696294]]",292,dowa_12
"[[34.07651100365121, -10.208108391970406], [34.08564899634879, -10.208108391970406], [34.08564899634879, -10.217101608029594], [34.07651100365121, -10.217101608029594]]",26,karonga_1
"[[33.849993541786134, -9.910873391970405], [33.85912312488047, -9.910873391970405], [33.85912312488047, -9.919866608029594], [33.849993541786134, -9.919866608029594]]",59,karonga_2
"[[33.82124511746955, -10.036246725303705], [33.83037821586385, -10.036246725303705], [33.83037821586385, -10.045239941362894], [33.82124511746955, -10.045239941362894]]",46,karonga_3
"[[33.81555785130254, -9.960323391970405], [33.824688815364055, -9.960323391970405], [33.824688815364055, -9.969316608029594], [33.81555785130254, -9.969316608029594]]",119,karonga_4
"[[33.642695294197736, -13.075106725303705], [33.65192803913567, -13.075106725303705], [33.65192803913567, -13.084099941362894], [33.642695294197736, -13.084099941362894]]",194,kasungu_1
"[[33.49799934274315, -13.036838391970406], [33.50723065725685, -13.036838391970406], [33.50723065725685, -13.045831608029594], [33.49799934274315, -13.045831608029594]]",2597,kasungu_2
"[[33.56952832473614, -13.002025058637106], [33.57875834193047, -13.002025058637106], [33.57875834193047, -13.011018274696294], [33.56952832473614, -13.011018274696294]]",110,kasungu_3
"[[33.63393690772163, -12.898580058637105], [33.64316309227837, -12.898580058637105], [33.64316309227837, -12.907573274696293], [33.63393690772163, -12.907573274696293]]",182,kasungu_4
"[[33.39725589277977, -13.132030058637106], [33.40649077388683, -13.132030058637106], [33.40649077388683, -13.141023274696295], [33.39725589277977, -13.141023274696295]]",237,kasungu_5
"[[33.770799865692936, -12.918913391970406], [33.78002680097366, -12.918913391970406], [33.78002680097366, -12.927906608029595], [33.770799865692936, -12.927906608029595]]",302,kasungu_6
"[[33.54028888673606, -13.061251725303705], [33.54952111326394, -13.061251725303705], [33.54952111326394, -13.070244941362894], [33.54028888673606, -13.070244941362894]]",313,kasungu_7
"[[33.24121316236138, -13.450226725303706], [33.25046017097201, -13.450226725303706], [33.25046017097201, -13.459219941362894], [33.24121316236138, -13.459219941362894]]",594,kasungu_8
"[[33.3850902671868, -13.427510058637106], [33.3943363994798, -13.427510058637106], [33.3943363994798, -13.436503274696294], [33.3850902671868, -13.436503274696294]]",1187,kasungu_9
"[[33.736042252550426, -12.697463391970405], [33.745261080782974, -12.697463391970405], [33.745261080782974, -12.706456608029594], [33.736042252550426, -12.706456608029594]]",63,kasungu_10
"[[33.3096000456293, -13.176988391970406], [33.3188366210373, -13.176988391970406], [33.3188366210373, -13.185981608029595], [33.3096000456293, -13.185981608029595]]",83,kasungu_11
"[[33.59795018788621, -12.719391725303705], [33.60716981211378, -12.719391725303705], [33.60716981211378, -12.728384941362894], [33.59795018788621, -12.728384941362894]]",71,kasungu_12
"[[33.27029919694614, -13.309503391970406], [33.27954080305386, -13.309503391970406], [33.27954080305386, -13.318496608029594], [33.27029919694614, -13.318496608029594]]",81,kasungu_13
"[[33.598508710473, -13.070675058637105], [33.607741289527, -13.070675058637105], [33.607741289527, -13.079668274696294], [33.598508710473, -13.079668274696294]]",64,kasungu_14
"[[33.924328753148394, -14.093375058637106], [33.9336012468516, -14.093375058637106], [33.9336012468516, -14.102368274696294], [33.924328753148394, -14.102368274696294]]",505,lilongwe_1
"[[34.11220959544375, -14.051860058637105], [34.121480404556245, -14.051860058637105], [34.121480404556245, -14.060853274696294], [34.11220959544375, -14.060853274696294]]",225,lilongwe_2
"[[33.66051608899917, -14.060403391970405], [33.66978724433424, -14.060403391970405], [33.66978724433424, -14.069396608029594], [33.66051608899917, -14.069396608029594]]",784,lilongwe_3
"[[34.05165713927951, -14.090776725303705], [34.06092952738709, -14.090776725303705], [34.06092952738709, -14.099769941362894], [34.05165713927951, -14.099769941362894]]",262,lilongwe_4
"[[33.95741364793163, -14.180270058637106], [33.966689685401775, -14.180270058637106], [33.966689685401775, -14.189263274696295], [33.95741364793163, -14.189263274696295]]",375,lilongwe_5
"[[33.72577028347678, -13.683461725303706], [33.73502638318982, -13.683461725303706], [33.73502638318982, -13.692454941362895], [33.72577028347678, -13.692454941362895]]",591,lilongwe_6
"[[33.92862465334667, -13.966435058637106], [33.93789201331993, -13.966435058637106], [33.93789201331993, -13.975428274696295], [33.92862465334667, -13.975428274696295]]",404,lilongwe_7
"[[33.77457459063962, -14.215605058637106], [33.78385207602699, -14.215605058637106], [33.78385207602699, -14.224598274696294], [33.77457459063962, -14.224598274696294]]",406,lilongwe_8
"[[33.9996779521041, -14.050708391970407], [34.0089487145625, -14.050708391970407], [34.0089487145625, -14.059701608029595], [33.9996779521041, -14.059701608029595]]",553,lilongwe_9
"[[33.84834699800414, -14.015478391970406], [33.85761633532926, -14.015478391970406], [33.85761633532926, -14.024471608029595], [33.84834699800414, -14.024471608029595]]",960,lilongwe_10
"[[33.84097803550767, -14.291181725303705], [33.85025863115893, -14.291181725303705], [33.85025863115893, -14.300174941362894], [33.84097803550767, -14.300174941362894]]",511,lilongwe_11
"[[33.51457711115621, -14.009875058637105], [33.52384622217719, -14.009875058637105], [33.52384622217719, -14.018868274696294], [33.51457711115621, -14.018868274696294]]",217,lilongwe_12
"[[33.367186289059724, -13.967973391970405], [33.376453710940275, -13.967973391970405], [33.376453710940275, -13.976966608029594], [33.367186289059724, -13.976966608029594]]",290,lilongwe_13
"[[33.69868864799983, -14.180266725303706], [33.707964685333565, -14.180266725303706], [33.707964685333565, -14.189259941362895], [33.69868864799983, -14.189259941362895]]",164,lilongwe_14
"[[33.46855635284188, -14.129425058637105], [33.47783031382472, -14.129425058637105], [33.47783031382472, -14.138418274696294], [33.46855635284188, -14.138418274696294]]",78,lilongwe_15
"[[33.84507374014203, -14.094015058637106], [33.85434625985798, -14.094015058637106], [33.85434625985798, -14.103008274696295], [33.84507374014203, -14.103008274696295]]",238,lilongwe_16
"[[33.82467700840597, -14.014963391970406], [33.833946324927425, -14.014963391970406], [33.833946324927425, -14.023956608029595], [33.82467700840597, -14.023956608029595]]",3126,lilongwe_17
"[[33.43880443210834, -13.726663391970405], [33.448062234558265, -13.726663391970405], [33.448062234558265, -13.735656608029593], [33.43880443210834, -13.735656608029593]]",419,lilongwe_18
"[[33.6585246632136, -14.130551725303706], [33.66779867011981, -14.130551725303706], [33.66779867011981, -14.139544941362894], [33.6585246632136, -14.139544941362894]]",388,lilongwe_19
"[[33.714675661620625, -13.748788391970406], [33.72393433837937, -13.748788391970406], [33.72393433837937, -13.757781608029594], [33.714675661620625, -13.757781608029594]]",415,lilongwe_20
"[[33.509210853452764, -13.823145058637106], [33.518472479880636, -13.823145058637106], [33.518472479880636, -13.832138274696295], [33.509210853452764, -13.832138274696295]]",598,lilongwe_21
"[[33.427630675031494, -13.578396725303707], [33.43688265830191, -13.578396725303707], [33.43688265830191, -13.587389941362895], [33.427630675031494, -13.587389941362895]]",502,lilongwe_22
"[[33.67751235460606, -14.243326725303707], [33.68679097872734, -14.243326725303707], [33.68679097872734, -14.252319941362895], [33.67751235460606, -14.252319941362895]]",147,lilongwe_23
"[[33.422197990905296, -13.966225058637106], [33.431465342428105, -13.966225058637106], [33.431465342428105, -13.975218274696294], [33.422197990905296, -13.975218274696294]]",333,lilongwe_24
"[[33.47365187931851, -14.103565058637106], [33.4829247873481, -14.103565058637106], [33.4829247873481, -14.112558274696294], [33.47365187931851, -14.112558274696294]]",358,lilongwe_25
"[[33.35856455453753, -13.720460058637105], [33.36782211212907, -13.720460058637105], [33.36782211212907, -13.729453274696294], [33.35856455453753, -13.729453274696294]]",269,lilongwe_26
"[[33.75655140031295, -13.879310058637106], [33.76581526635365, -13.879310058637106], [33.76581526635365, -13.888303274696295], [33.75655140031295, -13.888303274696295]]",2629,lilongwe_city_1
"[[33.77031373124869, -14.012181725303705], [33.779582935417906, -14.012181725303705], [33.779582935417906, -14.021174941362894], [33.77031373124869, -14.021174941362894]]",5022,lilongwe_city_2
"[[33.686808881002825, -14.004763391970405], [33.69607778566377, -14.004763391970405], [33.69607778566377, -14.013756608029594], [33.686808881002825, -14.013756608029594]]",1094,lilongwe_city_3
"[[33.79783220059782, -13.922593391970405], [33.80709779940218, -13.922593391970405], [33.80709779940218, -13.931586608029594], [33.79783220059782, -13.931586608029594]]",669,lilongwe_city_4
"[[33.79280267308006, -13.982011725303705], [33.802070660253335, -13.982011725303705], [33.802070660253335, -13.991004941362894], [33.79280267308006, -13.991004941362894]]",2888,lilongwe_city_5
"[[33.765014845792, -13.956866725303705], [33.7742818208746, -13.956866725303705], [33.7742818208746, -13.965859941362893], [33.765014845792, -13.965859941362893]]",974,lilongwe_city_6
"[[33.80485062441366, -14.000960058637105], [33.814119375586344, -14.000960058637105], [33.814119375586344, -14.009953274696294], [33.80485062441366, -14.009953274696294]]",3296,lilongwe_city_7
"[[33.79241358790628, -14.019278391970406], [33.80168307876032, -14.019278391970406], [33.80168307876032, -14.028271608029595], [33.79241358790628, -14.028271608029595]]",3212,lilongwe_city_8
"[[33.74273813158063, -13.876076725303706], [33.75200186841936, -13.876076725303706], [33.75200186841936, -13.885069941362895], [33.74273813158063, -13.885069941362895]]",1671,lilongwe_city_9
"[[33.78805552809307, -14.005733391970406], [33.79732447190693, -14.005733391970406], [33.79732447190693, -14.014726608029594], [33.78805552809307, -14.014726608029594]]",2777,lilongwe_city_10
"[[33.7547436050316, -13.935665058637106], [33.764009728301794, -13.935665058637106], [33.764009728301794, -13.944658274696295], [33.7547436050316, -13.944658274696295]]",1493,lilongwe_city_11
"[[33.822050457040184, -14.009253391970406], [33.83131954295981, -14.009253391970406], [33.83131954295981, -14.018246608029594], [33.822050457040184, -14.018246608029594]]",3271,lilongwe_city_12
"[[33.81257329584897, -13.784090058637105], [33.821833370817636, -13.784090058637105], [33.821833370817636, -13.793083274696293], [33.81257329584897, -13.793083274696293]]",651,lilongwe_city_13
"[[33.68341698298973, -14.016221725303705], [33.69268635034367, -14.016221725303705], [33.69268635034367, -14.025214941362893], [33.68341698298973, -14.025214941362893]]",775,lilongwe_city_14
"[[33.72251659172766, -13.952923391970407], [33.73178340827234, -13.952923391970407], [33.73178340827234, -13.961916608029595], [33.72251659172766, -13.961916608029595]]",2901,lilongwe_city_15
"[[33.77495990365475, -13.953988391970405], [33.78422676301186, -13.953988391970405], [33.78422676301186, -13.962981608029594], [33.77495990365475, -13.962981608029594]]",795,lilongwe_city_16
"[[33.68712536015186, -14.014051725303705], [33.696394639848144, -14.014051725303705], [33.696394639848144, -14.023044941362894], [33.68712536015186, -14.023044941362894]]",881,lilongwe_city_17
"[[33.847424431423704, -13.977460058637106], [33.85669223524289, -13.977460058637106], [33.85669223524289, -13.986453274696295], [33.847424431423704, -13.986453274696295]]",798,lilongwe_city_18
"[[33.77897356078945, -13.854573391970405], [33.78823643921055, -13.854573391970405], [33.78823643921055, -13.863566608029593], [33.77897356078945, -13.863566608029593]]",970,lilongwe_city_19
"[[33.793727224607174, -13.754030058637106], [33.80298610872622, -13.754030058637106], [33.80298610872622, -13.763023274696295], [33.793727224607174, -13.763023274696295]]",181,lilongwe_city_20
"[[33.740697613174845, -13.902000058637105], [33.74996238682516, -13.902000058637105], [33.74996238682516, -13.910993274696294], [33.740697613174845, -13.910993274696294]]",2517,lilongwe_city_21
"[[35.25980709431227, -15.193446725303705], [35.269126239021126, -15.193446725303705], [35.269126239021126, -15.202439941362893], [35.25980709431227, -15.202439941362893]]",150,machinga_1
"[[35.65065629737817, -14.925106725303706], [35.65996370262183, -14.925106725303706], [35.65996370262183, -14.934099941362895], [35.65065629737817, -14.934099941362895]]",824,machinga_2
"[[35.782607142169944, -14.573656725303707], [35.79189952449665, -14.573656725303707], [35.79189952449665, -14.582649941362895], [35.782607142169944, -14.582649941362895]]",231,machinga_3
"[[35.73099248741444, -14.636165058637106], [35.74028751258555, -14.636165058637106], [35.74028751258555, -14.645158274696294], [35.73099248741444, -14.645158274696294]]",247,machinga_4
"[[35.53877245016477, -14.871770058637106], [35.54807754983523, -14.871770058637106], [35.54807754983523, -14.880763274696294], [35.53877245016477, -14.880763274696294]]",127,machinga_5
"[[35.473744703661716, -14.844536725303707], [35.48304862967168, -14.844536725303707], [35.48304862967168, -14.853529941362895], [35.473744703661716, -14.853529941362895]]",114,machinga_6
"[[35.25828285675877, -15.083045058637106], [35.26759714324123, -15.083045058637106], [35.26759714324123, -15.092038274696295], [35.25828285675877, -15.092038274696295]]",106,machinga_7
"[[35.64417700477194, -14.969328391970405], [35.65348632856146, -14.969328391970405], [35.65348632856146, -14.978321608029594], [35.64417700477194, -14.978321608029594]]",224,machinga_8
"[[35.625293625311805, -14.817178391970407], [35.63459637468819, -14.817178391970407], [35.63459637468819, -14.826171608029595], [35.625293625311805, -14.826171608029595]]",254,machinga_9
"[[35.33766877474945, -15.192823391970405], [35.346987891917145, -15.192823391970405], [35.346987891917145, -15.201816608029594], [35.33766877474945, -15.201816608029594]]",344,machinga_10
"[[35.42532300231222, -15.000088391970406], [35.434633664354386, -15.000088391970406], [35.434633664354386, -15.009081608029595], [35.42532300231222, -15.009081608029595]]",285,machinga_11
"[[35.23337843224872, -15.208318391970407], [35.24269823441788, -15.208318391970407], [35.24269823441788, -15.217311608029595], [35.23337843224872, -15.217311608029595]]",138,machinga_12
"[[35.2402426982256, -14.467836725303705], [35.2495306351078, -14.467836725303705], [35.2495306351078, -14.476829941362894], [35.2402426982256, -14.476829941362894]]",1908,mangochi_1
"[[35.2026573965866, -14.159955058637106], [35.2119326034134, -14.159955058637106], [35.2119326034134, -14.168948274696294], [35.2026573965866, -14.168948274696294]]",675,mangochi_2
"[[34.85420935628005, -14.468248391970405], [34.86349731038655, -14.468248391970405], [34.86349731038655, -14.477241608029594], [34.85420935628005, -14.477241608029594]]",64,mangochi_3
"[[35.591651583496244, -14.361350058637106], [35.600935083170356, -14.361350058637106], [35.600935083170356, -14.370343274696294], [35.591651583496244, -14.370343274696294]]",1239,mangochi_4
"[[35.396664157760725, -14.317535058637105], [35.40594584223928, -14.317535058637105], [35.40594584223928, -14.326528274696294], [35.396664157760725, -14.326528274696294]]",536,mangochi_5
"[[35.476697915853876, -14.296978391970406], [35.48597875081272, -14.296978391970406], [35.48597875081272, -14.305971608029594], [35.476697915853876, -14.305971608029594]]",275,mangochi_6
"[[34.97193203598113, -14.657451725303705], [34.98122796401886, -14.657451725303705], [34.98122796401886, -14.666444941362894], [34.97193203598113, -14.666444941362894]]",603,mangochi_7
"[[35.17284507405255, -14.028210058637105], [35.18211492594745, -14.028210058637105], [35.18211492594745, -14.037203274696294], [35.17284507405255, -14.037203274696294]]",315,mangochi_8
"[[35.51973486187285, -14.363998391970405], [35.529018471460546, -14.363998391970405], [35.529018471460546, -14.372991608029594], [35.51973486187285, -14.372991608029594]]",624,mangochi_9
"[[35.157168416002854, -14.353355058637106], [35.16645158399715, -14.353355058637106], [35.16645158399715, -14.362348274696295], [35.157168416002854, -14.362348274696295]]",667,mangochi_10
"[[34.93260091057648, -14.151108391970405], [34.94187575609011, -14.151108391970405], [34.94187575609011, -14.160101608029594], [34.93260091057648, -14.160101608029594]]",1279,mangochi_11
"[[35.180751329508276, -14.373585058637106], [35.19003533715833, -14.373585058637106], [35.19003533715833, -14.382578274696295], [35.180751329508276, -14.382578274696295]]",1213,mangochi_12
"[[35.17827398053331, -14.486196725303707], [35.18756268613328, -14.486196725303707], [35.18756268613328, -14.495189941362895], [35.17827398053331, -14.495189941362895]]",1109,mangochi_13
"[[35.13590797346183, -14.454673391970406], [35.14519535987157, -14.454673391970406], [35.14519535987157, -14.463666608029595], [35.13590797346183, -14.463666608029595]]",366,mangochi_14
"[[34.94653876049874, -14.733035058637105], [34.95583790616786, -14.733035058637105], [34.95583790616786, -14.742028274696294], [34.94653876049874, -14.742028274696294]]",299,mangochi_15
"[[32.97231907419744, -13.828803391970405], [32.98158092580256, -13.828803391970405], [32.98158092580256, -13.837796608029594], [32.97231907419744, -13.837796608029594]]",221,mchinji_1
"[[32.96353860172726, -13.684228391970406], [32.972794731606136, -13.684228391970406], [32.972794731606136, -13.693221608029594], [32.96353860172726, -13.693221608029594]]",391,mchinji_2
"[[33.11670908109576, -13.744431725303706], [33.125967585570834, -13.744431725303706], [33.125967585570834, -13.753424941362894], [33.11670908109576, -13.753424941362894]]",280,mchinji_3
"[[33.13784218418904, -13.923411725303705], [33.147107815810955, -13.923411725303705], [33.147107815810955, -13.932404941362893], [33.13784218418904, -13.932404941362893]]",489,mchinji_4
"[[32.81292213863451, -13.673876725303705], [32.82217786136548, -13.673876725303705], [32.82217786136548, -13.682869941362894], [32.81292213863451, -13.682869941362894]]",999,mchinji_5
"[[33.0168316649441, -13.949280058637106], [33.0260983350559, -13.949280058637106], [33.0260983350559, -13.958273274696294], [33.0168316649441, -13.958273274696294]]",654,mchinji_6
"[[32.96054082205242, -13.824723391970405], [32.969802511280974, -13.824723391970405], [32.969802511280974, -13.833716608029594], [32.96054082205242, -13.833716608029594]]",44,mchinji_7
"[[33.262433585818506, -14.019381725303706], [33.27170308084809, -14.019381725303706], [33.27170308084809, -14.028374941362895], [33.262433585818506, -14.028374941362895]]",134,mchinji_8
"[[35.44450320794007, -16.022811725303704], [35.453860125393334, -16.022811725303704], [35.453860125393334, -16.031804941362893], [35.44450320794007, -16.031804941362893]]",370,mulanje_1
"[[35.51801911820531, -16.125738391970405], [35.52738088179469, -16.125738391970405], [35.52738088179469, -16.134731608029593], [35.51801911820531, -16.134731608029593]]",314,mulanje_2
"[[35.40916445732764, -15.681210058637106], [35.41850554267236, -15.681210058637106], [35.41850554267236, -15.690203274696294], [35.40916445732764, -15.690203274696294]]",171,mulanje_3
"[[35.42034022500512, -16.078816725303707], [35.42969977499489, -16.078816725303707], [35.42969977499489, -16.087809941362895], [35.42034022500512, -16.087809941362895]]",172,mulanje_4
"[[35.323283766546524, -15.998976725303706], [35.33263956678688, -15.998976725303706], [35.33263956678688, -16.007969941362894], [35.323283766546524, -16.007969941362894]]",510,mulanje_5
"[[35.324068947772055, -16.062270058637107], [35.33342771889455, -16.062270058637107], [35.33342771889455, -16.071263274696296], [35.324068947772055, -16.071263274696296]]",331,mulanje_6
"[[35.489072944792056, -15.891310058637107], [35.498423721874545, -15.891310058637107], [35.498423721874545, -15.900303274696295], [35.489072944792056, -15.900303274696295]]",585,mulanje_7
"[[35.69643984149271, -16.024223391970406], [35.705796825173884, -16.024223391970406], [35.705796825173884, -16.033216608029594], [35.69643984149271, -16.033216608029594]]",443,mulanje_8
"[[35.810855108694774, -16.012828391970405], [35.820211557971824, -16.012828391970405], [35.820211557971824, -16.021821608029594], [35.810855108694774, -16.021821608029594]]",98,mulanje_9
"[[35.44898345468532, -16.012288391970404], [35.458339878648076, -16.012288391970404], [35.458339878648076, -16.021281608029593], [35.44898345468532, -16.021281608029593]]",435,mulanje_10
"[[35.337961330454064, -16.102628391970406], [35.34732200287934, -16.102628391970406], [35.34732200287934, -16.111621608029594], [35.337961330454064, -16.111621608029594]]",281,mulanje_11
"[[35.604865691620255, -16.058988391970406], [35.61422430837974, -16.058988391970406], [35.61422430837974, -16.067981608029594], [35.604865691620255, -16.067981608029594]]",354,mulanje_12
"[[35.4974298270654, -16.024838391970405], [35.50678683960119, -16.024838391970405], [35.50678683960119, -16.033831608029594], [35.4974298270654, -16.033831608029594]]",1526,mulanje_13
"[[35.44326677355154, -16.083831725303707], [35.45262655978186, -16.083831725303707], [35.45262655978186, -16.092824941362895], [35.44326677355154, -16.092824941362895]]",239,mulanje_14
"[[35.460462236292464, -15.993150058637106], [35.46981776370753, -15.993150058637106], [35.46981776370753, -16.002143274696294], [35.460462236292464, -16.002143274696294]]",797,mulanje_15
"[[35.34172646109907, -15.811488391970405], [35.351073538900934, -15.811488391970405], [35.351073538900934, -15.820481608029594], [35.34172646109907, -15.820481608029594]]",175,mulanje_16
"[[35.49701295042775, -15.746883391970405], [35.50635704957225, -15.746883391970405], [35.50635704957225, -15.755876608029594], [35.49701295042775, -15.755876608029594]]",425,mulanje_17
"[[33.8429731797737, -12.646216725303706], [33.8521901535597, -12.646216725303706], [33.8521901535597, -12.655209941362894], [33.8429731797737, -12.655209941362894]]",90,mzimba_1
"[[33.45211404059787, -12.125378391970406], [33.461312626068725, -12.125378391970406], [33.461312626068725, -12.134371608029594], [33.45211404059787, -12.134371608029594]]",268,mzimba_2
"[[33.43578679323585, -11.256281725303706], [33.44495654009755, -11.256281725303706], [33.44495654009755, -11.265274941362895], [33.43578679323585, -11.265274941362895]]",99,mzimba_3
"[[33.40268880667917, -11.746161725303706], [33.41187452665422, -11.746161725303706], [33.41187452665422, -11.755154941362894], [33.40268880667917, -11.755154941362894]]",87,mzimba_4
"[[33.86935353084177, -11.251828391970406], [33.87852313582483, -11.251828391970406], [33.87852313582483, -11.260821608029595], [33.86935353084177, -11.260821608029595]]",173,mzimba_5
"[[33.44459436783396, -12.202748391970406], [33.45379563216605, -12.202748391970406], [33.45379563216605, -12.211741608029595], [33.44459436783396, -12.211741608029595]]",67,mzimba_6
"[[33.57129675630739, -11.868445058637105], [33.58048657702601, -11.868445058637105], [33.58048657702601, -11.877438274696294], [33.57129675630739, -11.877438274696294]]",175,mzimba_7
"[[33.31889987300696, -12.173630058637105], [33.32810012699304, -12.173630058637105], [33.32810012699304, -12.182623274696294], [33.31889987300696, -12.182623274696294]]",186,mzimba_8
"[[33.6655829314623, -11.995715058637106], [33.6747770685377, -11.995715058637106], [33.6747770685377, -12.004708274696295], [33.6655829314623, -12.004708274696295]]",130,mzimba_9
"[[33.946812895991734, -10.974096725303706], [33.955973770674866, -10.974096725303706], [33.955973770674866, -10.983089941362895], [33.946812895991734, -10.983089941362895]]",101,mzimba_10
"[[33.43428524834579, -11.352803391970406], [33.44345808498761, -11.352803391970406], [33.44345808498761, -11.361796608029595], [33.43428524834579, -11.361796608029595]]",77,mzimba_11
"[[33.887029498486726, -12.479670058637106], [33.896240501513276, -12.479670058637106], [33.896240501513276, -12.488663274696295], [33.887029498486726, -12.488663274696295]]",76,mzimba_12
"[[33.616573363308326, -12.260428391970406], [33.625776636691675, -12.260428391970406], [33.625776636691675, -12.269421608029594], [33.616573363308326, -12.269421608029594]]",38,mzimba_13
"[[33.66767151049981, -11.480850058637106], [33.676848489500195, -11.480850058637106], [33.676848489500195, -11.489843274696295], [33.66767151049981, -11.489843274696295]]",107,mzimba_14
"[[33.74417599128157, -12.395483391970405], [33.75338400871842, -12.395483391970405], [33.75338400871842, -12.404476608029594], [33.74417599128157, -12.404476608029594]]",84,mzimba_15
"[[33.51982516648689, -11.357893391970405], [33.52899816684651, -11.357893391970405], [33.52899816684651, -11.366886608029594], [33.51982516648689, -11.366886608029594]]",121,mzimba_16
"[[33.31922453045262, -11.500091725303706], [33.328402136213974, -11.500091725303706], [33.328402136213974, -11.509084941362895], [33.31922453045262, -11.509084941362895]]",184,mzimba_17
"[[33.257353265468964, -11.577415058637106], [33.266533401197634, -11.577415058637106], [33.266533401197634, -11.586408274696295], [33.257353265468964, -11.586408274696295]]",56,mzimba_18
"[[33.75452011514917, -12.631323391970406], [33.76373655151743, -12.631323391970406], [33.76373655151743, -12.640316608029595], [33.75452011514917, -12.640316608029595]]",126,mzimba_19
"[[33.92344852734899, -11.040640058637106], [33.93261147265101, -11.040640058637106], [33.93261147265101, -11.049633274696294], [33.92344852734899, -11.049633274696294]]",385,mzimba_20
"[[33.985639631271944, -11.391113391970405], [33.99481370206146, -11.391113391970405], [33.99481370206146, -11.400106608029594], [33.985639631271944, -11.400106608029594]]",1881,mzuzu_city_1
"[[33.99281060767517, -11.433805058637105], [34.001986058991434, -11.433805058637105], [34.001986058991434, -11.442798274696294], [33.99281060767517, -11.442798274696294]]",2957,mzuzu_city_2
"[[33.98945763535248, -11.411498391970406], [33.99863236464752, -11.411498391970406], [33.99863236464752, -11.420491608029595], [33.98945763535248, -11.420491608029595]]",1452,mzuzu_city_3
"[[34.021895723364594, -11.426661725303706], [34.03107094330201, -11.426661725303706], [34.03107094330201, -11.435654941362895], [34.021895723364594, -11.435654941362895]]",3086,mzuzu_city_4
"[[34.955294332219815, -15.317900058637106], [34.96461900111358, -15.317900058637106], [34.96461900111358, -15.326893274696294], [34.955294332219815, -15.326893274696294]]",73,neno_1
"[[34.65417758613803, -15.690141725303706], [34.66351908052857, -15.690141725303706], [34.66351908052857, -15.699134941362894], [34.65417758613803, -15.699134941362894]]",69,neno_2
"[[34.853814894284326, -15.441636725303706], [34.863145105715674, -15.441636725303706], [34.863145105715674, -15.450629941362894], [34.853814894284326, -15.450629941362894]]",1450,neno_3
"[[34.64024882533508, -15.489068391970406], [34.64958117466492, -15.489068391970406], [34.64958117466492, -15.498061608029595], [34.64024882533508, -15.498061608029595]]",314,neno_4
"[[34.29962603761996, -11.611541725303706], [34.308807295713436, -11.611541725303706], [34.308807295713436, -11.620534941362894], [34.29962603761996, -11.620534941362894]]",364,nkhata_bay_1
"[[34.26601863001726, -11.555188391970406], [34.27519803664934, -11.555188391970406], [34.27519803664934, -11.564181608029594], [34.26601863001726, -11.564181608029594]]",88,nkhatabay_1
"[[34.25983065713906, -12.876000058637105], [34.26905600952753, -12.876000058637105], [34.26905600952753, -12.884993274696294], [34.25983065713906, -12.884993274696294]]",190,nkhotakota_1
"[[34.10400432326222, -12.489511725303705], [34.11321567673778, -12.489511725303705], [34.11321567673778, -12.498504941362894], [34.10400432326222, -12.498504941362894]]",1619,nkhotakota_2
"[[34.267972878970305, -12.936223391970406], [34.27720045436309, -12.936223391970406], [34.27720045436309, -12.945216608029595], [34.267972878970305, -12.945216608029595]]",573,nkhotakota_3
"[[34.24198959197284, -12.843281725303706], [34.25121374136056, -12.843281725303706], [34.25121374136056, -12.852274941362895], [34.24198959197284, -12.852274941362895]]",443,nkhotakota_4
"[[34.31244890602177, -13.237205058637105], [34.321687760644835, -13.237205058637105], [34.321687760644835, -13.246198274696294], [34.31244890602177, -13.246198274696294]]",131,nkhotakota_5
"[[34.23533833322884, -13.090818391970405], [34.244571666771165, -13.090818391970405], [34.244571666771165, -13.099811608029594], [34.23533833322884, -13.099811608029594]]",115,nkhotakota_6
"[[34.177105892472, -12.680543391970406], [34.186324107527994, -12.680543391970406], [34.186324107527994, -12.689536608029595], [34.177105892472, -12.689536608029595]]",117,nkhotakota_7
"[[34.09580475039475, -13.280470058637105], [34.105045249605254, -13.280470058637105], [34.105045249605254, -13.289463274696294], [34.09580475039475, -13.289463274696294]]",216,nkhotakota_8
"[[34.12050304441005, -13.369743391970406], [34.129746955589944, -13.369743391970406], [34.129746955589944, -13.378736608029595], [34.12050304441005, -13.378736608029595]]",147,nkhotakota_9
"[[34.11685543999508, -12.520345058637107], [34.126067893338316, -12.520345058637107], [34.126067893338316, -12.529338274696295], [34.11685543999508, -12.529338274696295]]",334,nkhotakota_10
"[[34.281467177848505, -13.414841725303706], [34.2907128221515, -13.414841725303706], [34.2907128221515, -13.423834941362895], [34.281467177848505, -13.423834941362895]]",218,nkhotakota_11
"[[34.08964691081622, -12.437695058637106], [34.09885642251718, -12.437695058637106], [34.09885642251718, -12.446688274696294], [34.08964691081622, -12.446688274696294]]",158,nkhotakota_12
"[[35.219995584701934, -16.956233391970407], [35.22939774863147, -16.956233391970407], [35.22939774863147, -16.965226608029596], [35.219995584701934, -16.965226608029596]]",753,nsanje_1
"[[35.20967313196051, -16.987613391970406], [35.21907686803949, -16.987613391970406], [35.21907686803949, -16.996606608029595], [35.20967313196051, -16.996606608029595]]",985,nsanje_2
"[[34.87021037635946, -14.890631725303706], [34.879516290307144, -14.890631725303706], [34.879516290307144, -14.899624941362895], [34.87021037635946, -14.899624941362895]]",525,ntcheu_1
"[[34.50463186623359, -14.507546725303706], [34.51392146709981, -14.507546725303706], [34.51392146709981, -14.516539941362895], [34.50463186623359, -14.516539941362895]]",736,ntcheu_2
"[[34.61435471728957, -15.074195058637105], [34.62366861604383, -15.074195058637105], [34.62366861604383, -15.083188274696294], [34.61435471728957, -15.083188274696294]]",801,ntcheu_3
"[[34.82620554414932, -14.649211725303706], [34.835501122517286, -14.649211725303706], [34.835501122517286, -14.658204941362895], [34.82620554414932, -14.658204941362895]]",224,ntcheu_4
"[[34.741457649333555, -14.549586725303707], [34.75074901733305, -14.549586725303707], [34.75074901733305, -14.558579941362895], [34.741457649333555, -14.558579941362895]]",122,ntcheu_5
"[[34.80000901667952, -14.721028391970405], [34.80930764998708, -14.721028391970405], [34.80930764998708, -14.730021608029594], [34.80000901667952, -14.730021608029594]]",411,ntcheu_6
"[[34.6499369999234, -14.815256725303705], [34.659239666743204, -14.815256725303705], [34.659239666743204, -14.824249941362893], [34.6499369999234, -14.824249941362893]]",717,ntcheu_7
"[[34.656934225783004, -14.711220058637105], [34.66623244088359, -14.711220058637105], [34.66623244088359, -14.720213274696293], [34.656934225783004, -14.720213274696293]]",249,ntcheu_8
"[[34.46011408553899, -14.481183391970406], [34.46940258112761, -14.481183391970406], [34.46940258112761, -14.490176608029595], [34.46011408553899, -14.490176608029595]]",778,ntcheu_9
"[[34.913538741577455, -14.811765058637105], [34.92284125842255, -14.811765058637105], [34.92284125842255, -14.820758274696294], [34.913538741577455, -14.820758274696294]]",175,ntcheu_10
"[[34.57832356381484, -14.897383391970406], [34.587629769518564, -14.897383391970406], [34.587629769518564, -14.906376608029595], [34.57832356381484, -14.906376608029595]]",1427,ntcheu_11
"[[33.75743924489944, -13.219330058637105], [33.76667742176716, -13.219330058637105], [33.76667742176716, -13.228323274696294], [33.75743924489944, -13.228323274696294]]",331,ntchisi_1
"[[33.87498329982426, -13.269115058637105], [33.88422336684234, -13.269115058637105], [33.88422336684234, -13.278108274696294], [33.87498329982426, -13.278108274696294]]",340,ntchisi_2
"[[33.75635631611055, -13.197956725303706], [33.765593683889456, -13.197956725303706], [33.765593683889456, -13.206949941362895], [33.75635631611055, -13.206949941362895]]",118,ntchisi_3
"[[33.89317656562806, -13.359943391970406], [33.90242010103854, -13.359943391970406], [33.90242010103854, -13.368936608029594], [33.89317656562806, -13.368936608029594]]",540,ntchisi_4
"[[33.81692173461254, -13.437845058637105], [33.82616826538746, -13.437845058637105], [33.82616826538746, -13.446838274696294], [33.81692173461254, -13.446838274696294]]",162,ntchisi_5
"[[33.91949598820998, -13.126955058637106], [33.928730678456624, -13.126955058637106], [33.928730678456624, -13.135948274696295], [33.91949598820998, -13.135948274696295]]",226,ntchisi_6
"[[35.68482364938673, -15.716460058637105], [35.69416635061327, -15.716460058637105], [35.69416635061327, -15.725453274696294], [35.68482364938673, -15.725453274696294]]",824,phalombe_1
"[[35.755415746387534, -15.770228391970406], [35.764760920279066, -15.770228391970406], [35.764760920279066, -15.779221608029594], [35.755415746387534, -15.779221608029594]]",751,phalombe_2
"[[35.53773711950714, -15.710498391970406], [35.547079547159456, -15.710498391970406], [35.547079547159456, -15.719491608029594], [35.53773711950714, -15.719491608029594]]",170,phalombe_3
"[[35.709288276614345, -15.659965058637106], [35.71862839005226, -15.659965058637106], [35.71862839005226, -15.668958274696294], [35.709288276614345, -15.668958274696294]]",266,phalombe_4
"[[35.75796185124222, -15.794593391970405], [35.767308148757785, -15.794593391970405], [35.767308148757785, -15.803586608029594], [35.75796185124222, -15.803586608029594]]",461,phalombe_5
"[[35.734681843833684, -15.649728391970406], [35.744021489499715, -15.649728391970406], [35.744021489499715, -15.658721608029595], [35.734681843833684, -15.658721608029595]]",176,phalombe_6
"[[35.73611073273294, -15.698291725303706], [35.74545260060046, -15.698291725303706], [35.74545260060046, -15.707284941362895], [35.73611073273294, -15.707284941362895]]",393,phalombe_7
"[[33.86348567764666, -11.009608391970406], [33.87264765568674, -11.009608391970406], [33.87264765568674, -11.018601608029595], [33.86348567764666, -11.018601608029595]]",448,rumphi_1
"[[33.530538968174575, -10.795960058637105], [33.53969436515883, -10.795960058637105], [33.53969436515883, -10.804953274696294], [33.530538968174575, -10.804953274696294]]",298,rumphi_2
"[[34.06337385577779, -10.803331725303705], [34.07252947755561, -10.803331725303705], [34.07252947755561, -10.812324941362894], [34.06337385577779, -10.812324941362894]]",65,rumphi_3
"[[34.188632792396724, -10.653406725303705], [34.19778387426988, -10.653406725303705], [34.19778387426988, -10.662399941362894], [34.188632792396724, -10.662399941362894]]",178,rumphi_4
"[[33.52199667975613, -10.836671725303706], [33.531153320243874, -10.836671725303706], [33.531153320243874, -10.845664941362894], [33.52199667975613, -10.845664941362894]]",128,rumphi_5
"[[33.766935705655435, -11.007808391970405], [33.77609762767796, -11.007808391970405], [33.77609762767796, -11.016801608029594], [33.766935705655435, -11.016801608029594]]",276,rumphi_6
"[[34.46623476584051, -13.794003391970406], [34.475495234159496, -13.794003391970406], [34.475495234159496, -13.802996608029595], [34.46623476584051, -13.802996608029595]]",1288,salima_1
"[[34.50611258182997, -14.068976725303706], [34.515384084836626, -14.068976725303706], [34.515384084836626, -14.077969941362895], [34.50611258182997, -14.077969941362895]]",301,salima_2
"[[34.53702884979512, -14.088618391970405], [34.54630115020488, -14.088618391970405], [34.54630115020488, -14.097611608029593], [34.53702884979512, -14.097611608029593]]",1087,salima_3
"[[34.465685145296085, -13.774870058637106], [34.474944854703914, -13.774870058637106], [34.474944854703914, -13.783863274696294], [34.465685145296085, -13.783863274696294]]",922,salima_4
"[[34.50974521920271, -13.771140058637105], [34.51900478079729, -13.771140058637105], [34.51900478079729, -13.780133274696293], [34.50974521920271, -13.780133274696293]]",562,salima_5
"[[35.219944238920625, -16.261063391970406], [35.229312427745974, -16.261063391970406], [35.229312427745974, -16.270056608029595], [35.219944238920625, -16.270056608029595]]",308,thyolo_1
"[[35.13101568329871, -16.130036725303707], [35.140377650034694, -16.130036725303707], [35.140377650034694, -16.139029941362896], [35.13101568329871, -16.139029941362896]]",256,thyolo_2
"[[35.225846159852104, -16.039063391970405], [35.235203840147896, -16.039063391970405], [35.235203840147896, -16.048056608029594], [35.225846159852104, -16.048056608029594]]",419,thyolo_3
"[[35.2303261213326, -16.181926725303704], [35.23969054533399, -16.181926725303704], [35.23969054533399, -16.190919941362893], [35.2303261213326, -16.190919941362893]]",179,thyolo_4
"[[35.007232029310224, -16.001990058637105], [35.01658797068978, -16.001990058637105], [35.01658797068978, -16.010983274696294], [35.007232029310224, -16.010983274696294]]",394,thyolo_5
"[[35.07641742194072, -15.913791725303705], [35.08576924472588, -15.913791725303705], [35.08576924472588, -15.922784941362893], [35.07641742194072, -15.922784941362893]]",788,thyolo_6
"[[35.062075780421516, -16.055211725303707], [35.071434219578485, -16.055211725303707], [35.071434219578485, -16.064204941362895], [35.062075780421516, -16.064204941362895]]",634,thyolo_7
"[[35.02265575663622, -16.126933391970407], [35.03201757669718, -16.126933391970407], [35.03201757669718, -16.135926608029596], [35.02265575663622, -16.135926608029596]]",215,thyolo_8
"[[35.215870673302256, -15.988720058637107], [35.22522599336434, -15.988720058637107], [35.22522599336434, -15.997713274696295], [35.215870673302256, -15.997713274696295]]",741,thyolo_9
"[[35.04433397504256, -15.918670058637106], [35.05368602495744, -15.918670058637106], [35.05368602495744, -15.927663274696295], [35.04433397504256, -15.927663274696295]]",496,thyolo_10
"[[34.98608890670425, -15.992990058637107], [34.99544442662915, -15.992990058637107], [34.99544442662915, -16.001983274696293], [34.98608890670425, -16.001983274696293]]",257,thyolo_11
"[[35.13916890303857, -16.064171725303705], [35.14852776362803, -16.064171725303705], [35.14852776362803, -16.073164941362894], [35.13916890303857, -16.073164941362894]]",953,thyolo_12
"[[35.20519977304448, -16.308465058637104], [35.21457022695552, -16.308465058637104], [35.21457022695552, -16.317458274696293], [35.20519977304448, -16.317458274696293]]",178,thyolo_13
"[[35.08282053135319, -15.994785058637106], [35.09217613531341, -15.994785058637106], [35.09217613531341, -16.003778274696295], [35.08282053135319, -16.003778274696295]]",2,thyolo_14
"[[35.186946882546245, -16.359511725303705], [35.196319784120355, -16.359511725303705], [35.196319784120355, -16.368504941362893], [35.186946882546245, -16.368504941362893]]",420,thyolo_15
"[[35.58068652450023, -15.368983391970406], [35.59001347549977, -15.368983391970406], [35.59001347549977, -15.377976608029595], [35.58068652450023, -15.377976608029595]]",531,zomba_1
"[[35.486215778315156, -15.476380058637107], [35.49554755501825, -15.476380058637107], [35.49554755501825, -15.485373274696295], [35.486215778315156, -15.485373274696295]]",151,zomba_2
"[[35.15505395095371, -15.334990058637105], [35.164379382379686, -15.334990058637105], [35.164379382379686, -15.343983274696294], [35.15505395095371, -15.343983274696294]]",274,zomba_3
"[[35.294201672917204, -15.584083391970406], [35.3035383270828, -15.584083391970406], [35.3035383270828, -15.593076608029595], [35.294201672917204, -15.593076608029595]]",187,zomba_4
"[[35.15256861059452, -15.350228391970406], [35.161894722738886, -15.350228391970406], [35.161894722738886, -15.359221608029594], [35.15256861059452, -15.359221608029594]]",121,zomba_5
"[[35.17721062171603, -15.409265058637105], [35.18653937828397, -15.409265058637105], [35.18653937828397, -15.418258274696294], [35.17721062171603, -15.418258274696294]]",168,zomba_6
"[[35.25027616018001, -15.385253391970405], [35.25960383981999, -15.385253391970405], [35.25960383981999, -15.394246608029594], [35.25027616018001, -15.394246608029594]]",229,zomba_7
"[[35.197680718641735, -15.552708391970405], [35.20701594802486, -15.552708391970405], [35.20701594802486, -15.561701608029594], [35.197680718641735, -15.561701608029594]]",305,zomba_8
"[[35.36583853240314, -15.353726725303705], [35.37516480093026, -15.353726725303705], [35.37516480093026, -15.362719941362894], [35.36583853240314, -15.362719941362894]]",388,zomba_9
"[[35.367426002920716, -15.242758391970405], [35.37674733041269, -15.242758391970405], [35.37674733041269, -15.251751608029593], [35.367426002920716, -15.251751608029593]]",480,zomba_10
"[[35.11194850406166, -15.795193391970406], [35.12129482927175, -15.795193391970406], [35.12129482927175, -15.804186608029594], [35.11194850406166, -15.804186608029594]]",252,zomba_city_1
"[[35.308368997167754, -15.407388391970406], [35.31769766949885, -15.407388391970406], [35.31769766949885, -15.416381608029594], [35.308368997167754, -15.416381608029594]]",2024,zomba_city_2
"[[35.29997393095769, -15.410338391970406], [35.30930273570891, -15.410338391970406], [35.30930273570891, -15.419331608029594], [35.29997393095769, -15.419331608029594]]",1841,zomba_city_3
"[[35.304648955984526, -15.409223391970405], [35.313977710682074, -15.409223391970405], [35.313977710682074, -15.418216608029594], [35.304648955984526, -15.418216608029594]]",2194,zomba_city_4
